{"cameraMode":{"drawMode":0,"name":"Shaded","section":"Shading Mode"},"sceneLighting":true,"audioPlay":false,"sceneViewState":{"m_AlwaysRefresh":true,"showFog":true,"showSkybox":true,"showFlares":true,"showImageEffects":true,"showParticleSystems":true,"showVisualEffectGraphs":true,"m_FxEnabled":true},"in2DMode":false,"pivot":{"x":323.1031799316406,"y":159.12149047851563,"z":888.0543823242188},"rotation":{"x":0.03943663090467453,"y":0.0071136909537017349,"z":-0.0002810914593283087,"w":0.9991981983184815},"size":608.59716796875,"orthographic":false}